NOME;LOGIN;SENHA
ADELAIDEOLIVEIRA;Planejamento;11999837870
ANALINANERESDASILVAPINTO;Planejamento;86998005101
ANANERIDESOUSAPAULOKNUPPSOARES;Planejamento;55991432807
ANUBMARTINSDASILVA;Planejamento;68996028182
BEATRIZREGINADEMOURAGOMESDOSSANTOS;Planejamento;9995719571
BRUNALARIANEGOMESSOARES;Planejamento;14981480998
CARMEMPORTELA;Planejamento;11992752455
CAROLINADEMELLOTAVARESSILVACUNHA;Planejamento;61981245852
CELINADITTRICHVIEIRA;Planejamento;47999417680
CLARICECARASSOLAREVALOGANEM;Planejamento;19982441590
DINEIADESOUZACOSTA;Planejamento;66999657242
DOMINGOSEDNOCASTRORIBEIRO;Planejamento;96991010021
DORAFLORADECARVALHORIBEIRO;Planejamento;96991010021
EDIMARROSALINODIMAS;Planejamento;9995719571
ELISABETEFIGUEIREDOTEIXEIRADESOUZA;Planejamento;22997319609
JANETECAMARGOSOUTO;Planejamento;19982441590
LEIDEMEIREROCHABARRETODASILVA;Planejamento;21986487398
LUANACAROANELEITEGONÇALVES;Planejamento;87974009779
LUCELMAAMANCIODAMASIOBALDI;Planejamento;47991626247
MARCOSVINÍCIUSLUZGIANNONI;Planejamento;17981580000
MARIADOCARMOPORTELARUMBO;Planejamento;11992752455
MARISTELAMORESCHIRIBEIRONADER;Planejamento;66999657242
MIRIAMLUZGIANNONI;Planejamento;17981580000
PAULOROMEIRODEALMEIDASOARES;Planejamento;14981480998
TATIANEDIASCHAVES;Planejamento;14981480998
TELMAMORAISFERREIRAMARQUESDEBRITO;Planejamento;11973710778
VANESSABRASIL;Planejamento;41999904499
VANESSACARLADOSSANTOS;Planejamento;41999904499
WELTONJERRYMACIEJEWSKYGIL(Baiano);Planejamento;47992081351
ABRÃONUNESMARTINS;Planejamento;54992375358
ADAGOBERTODACOSTAFEIJO;Planejamento;21988855893
ADAILDASOUSAVILANOVA;Planejamento;71991558885
ADAMORBITENCOURT;Planejamento;9184019870
ADELAIDECASTRODEOLIVEIRA;Planejamento;11999837870
ADELUCIAALVESDOSSANTOS;Planejamento;77988181269
ADEMIRGONÇALVES;Planejamento;42000000000
ADEMIRSOUZAMESQUITA;Planejamento;69992084915
ADILSONLEANDRO;Planejamento;15997432652
ADONIASMENEZESDESOUSA;Planejamento;69993636074
ADRIANACHAGASMEIRELESZURLO;Planejamento;27997157845
ADRIANADASILVAEVANGELISTA;Planejamento;96991836734
ADRIANAGONÇALVESCARDOSO;Planejamento;71996578225
ADRIANAKARLADUMASALVESGUIMARAES;Planejamento;27997793259
ADRIANALUZIAPEREIRA;Planejamento;51999648929
ADRIANASOUZABRITO;Planejamento;69984553572
ADRIANODEALMEIDASILVA;Planejamento;22999544045
ADRIANOLIMAMORAES;Planejamento;63992255244
ADRIANOMARIOFERRARISFERNANDES;Planejamento;1992329505
ADRIANOPEREIRADAROCHA;Planejamento;85996700895
ADRIANOPIVOTTO;Planejamento;47997136888
ADRIELMARTINSMOREIRA;Planejamento;13981631289
ADRIELLESILVADOSPRAZERESFERREIRA;Planejamento;91993826805
ALCIRDOSSANTOSJÚNIOR;Planejamento;13991483290
ALDENEIDEBATISTADELIMA;Planejamento;6881116007
ALDOBRAGADEQUEIROZFILHO;Planejamento;95991531777
ALDOFERNANDONUNES;Planejamento;11960611109
ALESSANDRAALGARIN;Planejamento;11997677606
ALESSANDRACRISTINAMAGALHÃESSANTOS;Planejamento;21974426582
ALESSANDRACURYDECARVALHO;Planejamento;22998367874
ALESSANDROASSISAZEVEDO;Planejamento;61993236375
ALESSANDRODASILVARIBEIRO;Planejamento;21966795905
ALESSANDROGERALDODIAS;Planejamento;33988137089
ALESSANDROTADEUDAMIN;Planejamento;11940118339
ALEXDEJESUSFREITASREIS;Planejamento;91981248766
ALEXDEOLIVEIRAGALVÃO;Planejamento;61999231038
ALEXFATEL;Planejamento;43999025735
ALEXANDREHERNANDESMOTA;Planejamento;51995694100
ALEXANDREVAGNERDACOSTASOARES;Planejamento;8491964969
ALICESAYURIFUJIWARA;Planejamento;4199550417
ALINEGISLAINESTROSCHEIN;Planejamento;51993665765
ALINEVICENTEBÓRIES;Planejamento;47999531644
ALINEVIEIRAMEURER;Planejamento;41996465110
ALVAROLUIZPACHECOBECKER;Planejamento;54981338729
ALYNEALMEIDADEARAÚJO;Planejamento;7998236268
ALYNEALMEIDADEARAÚJO;Planejamento;79998236268
ALYSSONNEYLORTAVARESFACCHERA;Planejamento;3192799484
ALZIRADEPAULASOUZABARBOSA;Planejamento;17997391777
AMÁLIAMACHADODEOLIVEIRA;Planejamento;21989519963
AMAURYFELIX;Planejamento;21990000000
ANAALICEFERNANDESDEALMEIDA;Planejamento;19998160961
ANACAROLINAFERREIRADASILVEIRACAMARGO;Planejamento;65992842383
ANACAROLINAMOREIRA;Planejamento;48984171249
ANACAROLINAPEREIRACAMPANHA;Planejamento;4598053058
ANACAROLYNACALDEIRAMOURA;Planejamento;27988494431
ANACLÁUDIAAPARECIDAENDRINGERMONTEIRO;Planejamento;27998182606
ANAFLAVIAVALENTE;Planejamento;91982074618
ANALUCIANOBREGABARBOSA;Planejamento;11997166467
ANAMARÍLIABARBOSADESOUSA;Planejamento;8898355837
ANAPAULAALVESDASILVA;Planejamento;87991075991
ANAPAULADESOUZA;Planejamento;67996252814
ANAPAULADUARTECARDOSO;Planejamento;27997214042
ANAPAULAGOMESDASILVA;Planejamento;31920090716
ANAPAULAMENDONÇA;Planejamento;51982971595
ANAPAULATAVARESFAGUNDES;Planejamento;46996613895
ANAREBECAHOLANDATORRES;Planejamento;99984077420
ANDERSONMORAESALVES;Planejamento;21970004380
ANDERSONTOLEDO;Planejamento;11994211055
ANDRÉDECHIANTI;Planejamento;6799427253
ANDRÉGERMANOFOLETTO;Planejamento;11996571317
ANDRÉGUSTAVOTEIXEIRA;Planejamento;14979599033
ANDRELUIZDASILVASOUSA;Planejamento;61999393006
ANDRÉLUIZGUTIERREZ;Planejamento;41999051343
ANDRÉRODRIGODEOLIVEIRA;Planejamento;43984223366
ANDRÉTREVISANGABARDO;Planejamento;4192434074
ANDRÉACRISTINADEFÁTIMADOSSANTOS;Planejamento;41991311289
ANDREIASILVARÉGO;Planejamento;71981687623
ANGELAGARCIA;Planejamento;43999119787
ANGELAMARIATENÓRIODEALBUQUERQUE;Planejamento;21999782314
ANGELAMEDEIROSDOSSANTOSNUNES;Planejamento;51983574014
ÂNGELAPEREIRABATISTA;Planejamento;65992312222
ÂNGELOLIMALENZA;Planejamento;61995343223
ANNAKAROLYNENUNESDECASTRO;Planejamento;62995413255
ANNAPAULAMONTENEGRODEANDRADE;Planejamento;6881131332
ANNESALESFEITOSA;Planejamento;15988119291
ANTONIETAGOMESDEAMORIM;Planejamento;11963448856
ANTONIOALBERTTOBARRETORAMOS;Planejamento;7791277770
ANTÔNIOCARLOSSILVAFIGUEREDO;Planejamento;77988215724
ANTONIOJOSEDUARTEJÚNIOR;Planejamento;96991502340
ANTONIOMARCOSDEOLIVEIRALOPES;Planejamento;86981811397
ANTONIORODRIGUESDACOSTANETO;Planejamento;85997970529
ANTONIOTRINDADEDEFARIAS;Planejamento;96984227867
ARIDNEYLOYELOBARCELLOS;Planejamento;61999860580
ARILSAMALAQUIASBRANDÃO;Planejamento;98984298005
ARILSONDESOUZAVIANA;Planejamento;22920003077
ARLETEDASILVASANTIAGO;Planejamento;27999701530
ARLETETAVARESDOSSANTOSBARBOSA;Planejamento;14997413615
AROLDOCÉSARPAGAN;Planejamento;43991654848
ARTEMIOOLIVEIRADEBRITO;Planejamento;68999131456
ARTÊMIOOLIVEIRADEBRITO;Planejamento;6899131456
ARTHURDEABREUCOSTA;Planejamento;61991475865
ARTURLIBORINIODOSSANTOSLIMANETO;Planejamento;6892829052
ATHAYDENERYDEFREITASJR.;Planejamento;67981162323
AUDREYDAUDTYLLANA;Planejamento;51982963511
AUGUSTOEDUARDOVIDALNETO;Planejamento;11991608071
AURELIANOCARNEIRODELIMA;Planejamento;11981672717
AXIONBIANCHINITRIDAPALLI;Planejamento;47991409995
AYRESNOGUEIRAJÚNIOR;Planejamento;49999627737
BARBARABARBOSAMACEDODACRUZ;Planejamento;21964015898
BARBARAMGUERREIRO;Planejamento;21530013
BEATRIZMENDESFERREIRA;Planejamento;11979599033
BENEDITOMORAESDEALENCASTRO;Planejamento;65992284367
BETÂNIASOUZA;Planejamento;9184766908
BIBIANADEOLIVEIRAORSISILVA;Planejamento;45988104402
BRENDALIZFRANÇAROCHA;Planejamento;62985560797
BRUNADEOLIVEIRAHUGEN;Planejamento;47984659610
BRUNALEMESFOGACA;Planejamento;43999040250
BRUNALOHANNARIBEIROSILVA;Planejamento;94992488572
BRUNNARAFAELLAN.BEZERRA;Planejamento;81991810307
BRUNOCHAVESHILGERT;Planejamento;43996794605
BRUNODONASCIMENTOMOURA;Planejamento;95991500387
BRUNOGANEM;Planejamento;19981748490
BRUNOLUISBIANCHINI;Planejamento;32988199216
BRUNOMATOSMAIA;Planejamento;98984754665
BRUNOMORAESCARDOSO;Planejamento;68981246831
CAIOJOSÉCARLOSSILVEIRAGAIANE;Planejamento;11999896766
CAIOPEREIRAASSUNÇÃO;Planejamento;69992070296
CAMILASANTOSBARBOSA;Planejamento;33999971776
CAMILOAPARECIDOPINTO;Planejamento;11971737787
CAMILOHENRIQUEGOMES;Planejamento;14997797182
CAMILOLERMEN;Planejamento;66996120065
CARINAORTIZ;Planejamento;11993043232
CARLACAXIASSILVA;Planejamento;21988908790
CARLAGIRAIANAALVESCORREA;Planejamento;21989129324
CARLOSALBERTOLOPESDEFARIA;Planejamento;21982272853
CARLOSALBERTOPEREIRA;Planejamento;3598297395
CARLOSANTONIOLIMADASILVA;Planejamento;84996446918
CARLOSCESARFREITAS;Planejamento;98987524054
CARLOSDEJESUSTIMBÓ;Planejamento;21999860762
CARLOSEDUARDOMIRANDA;Planejamento;51983102870
CARLOSEVANGELISTA;Planejamento;11983422121
CARLOSJOSÉDOSSANTOS;Planejamento;65992714838
CARMENREGINABOTH;Planejamento;49998309669
CAROLINECARVALHONOLETO;Planejamento;98981095309
CÁSSIAREGINADASILVACAVALCANTEGUIMARÃES;Planejamento;6799946837
CÁSSIASILVA;Planejamento;67999946837
CÁSSIONUNESDEAZEVEDO;Planejamento;51999772677
CÁSSIOSOUZANASCIMENTO;Planejamento;22998765617
CELSOCARDOSO;Planejamento;47997245857
CERGIOCARLOSDASILVAMELLO;Planejamento;31971618819
CESARFRANCISCOALVES;Planejamento;61992605415
CESARLIMADONASCIMENTO;Planejamento;65984036656
CEZARBARBOSA;Planejamento;9196273066
CHARLESPINHEIROBATISTA;Planejamento;96991959937
CHRISTIANDELIMARICARDO;Planejamento;51985983085
CINTIAREGINAFREITASROCKENBACH;Planejamento;51992452124
CIRLEISCHIMANSKI;Planejamento;41988106248
CIRORIBEIRODAFONTOURA;Planejamento;21970021125
CLAITONDOSSANTOSDUARTECOSTA;Planejamento;45999215788
CLARISSAPEREIRAMATIASDACOSTA;Planejamento;84996944655
CLAUDÉLIMENDES;Planejamento;6793519593
CLAUDETEGHELLERMATHIAS;Planejamento;49991670888
CLAUDETEMAYRACHACONPINTO;Planejamento;91983448577
CLAUDIAAPARECIDAELYESER;Planejamento;45999408049
CLAUDIAMACIEL;Planejamento;4199557700
CLAUDIAMARIALOBATO;Planejamento;21971214641
CLAUDIARIBEIROMACIEL;Planejamento;41999557700
CLÁUDIATABATCHNIKCOENTRO;Planejamento;71988545877
CLAUDIAVIRGINIARODRIGUESPEREIRA;Planejamento;6191441052
CLAUDIOCESARLIMA;Planejamento;47984894533
CLÁUDIOEMANUELABDALADESANTANA;Planejamento;7199674812
CLAUDIOMARCELOSIENA;Planejamento;44984079903
CLÁUDIORENATOCAMPOS;Planejamento;6199636874
CLAUDIRRODRIGUESDALUZ;Planejamento;51998699554
CLAYTONBATSCHAUER;Planejamento;47999350640
CLAYTONCARLOSOLIVEIRADEARAUJO;Planejamento;61984491358
CLEBERARAUJOBARBOSA;Planejamento;11982765311
CLEBERBERNARDI;Planejamento;11964510770
CLEBERFERREIRADESOUSA;Planejamento;61999253237
CLEBERRIBEIROAFONSO;Planejamento;21999636343
CLEITONMOREIRARAMOS;Planejamento;11966510977
CLEVERCUSTODIODEALMEIDAFILHO;Planejamento;6993149000
CRISTIANFERREIRAVIANA;Planejamento;61981643332
CRISTIANEBATISTASILVAPOÇAS;Planejamento;31992940744
CRISTIANEFORSSELLFERRARAFOMIN;Planejamento;13997647642
CRISTIANEMARYOTAVIANODEALMEIDADOSSANTOS;Planejamento;61992816557
CRISTIANEMINATTIGOMES;Planejamento;11987775874
CRISTINACOSTACOSTA;Planejamento;21970098644
CUSTODIADESOUZARANGEL;Planejamento;11983551310
DAIANEAPARECIDADAROCHA;Planejamento;4699263305
DAÍSAGOMES;Planejamento;96981324060
DALAMARIACASTELONOGUEIRA;Planejamento;68999664669
DALTONHENRIQUEDEALBUQUERQUE;Planejamento;31996090925
DANIELARAUJONEVESSANTIAGOLIMA;Planejamento;11983751000
DANIELDEPAULASOUZA;Planejamento;6191089906
DANIELGIACHINI;Planejamento;6181856126
DANIELGUSTAVOBARRAGÁN;Planejamento;41999630234
DANIELHENRIQUEROSENDODEOLIVEIRA;Planejamento;43996084053
DANIELSANTOSFILHO;Planejamento;79988633871
DANIELLECHRISTINNEMATEUS;Planejamento;41991229764
DANILOMATOS;Planejamento;11945649633
DÁRIACRISTINASATHLERGARCIA;Planejamento;62984106435
DAVIABREUDOSSANTOS;Planejamento;11970168011
DAYANASCHIHOTSKI;Planejamento;45998033995
DEBORACRISTIANEDOSANJOSCAVALCANTE;Planejamento;79998901636
DÉBORACRISTINACHANTRECARDOSO;Planejamento;11943056563
DÉBORARAQUELAMIMRODRIGUESDEALBUQUERQUE;Planejamento;6183131558
DEIVIDELOPESDASILVA;Planejamento;69992823482
DELSONFERRAZDEOLIVEIRA;Planejamento;65992137795
DEMETRIUSLEMOSDESOUZA;Planejamento;11971070303
DEMÉTRIUSLEMOSDESOUZA;Planejamento;91984040428
DESIREGONÇALVESDIAS;Planejamento;11986691776
DEVAIRNUNESDEOLIVEIRA;Planejamento;31994377555
DIANALIMADOSSANTOS;Planejamento;21977385624
DIEGONAIMDASILVA;Planejamento;47996110734
DIEGOSOUZAFERREIRA;Planejamento;62982181131
DIEGOVITORIAGOMES;Planejamento;61982419937
DILEMARIODOVALEALENCAR;Planejamento;65999900979
DILSONVIEIRACOSTA;Planejamento;47999836875
DIONEMARLYGANDOLFOHASHIOKA;Planejamento;67981215582
DIRCEUDESOUSABEZERRA;Planejamento;889980252
DIRLEYJOAQUIMHENRIQUES;Planejamento;3399652527
DIVINORODRIGUESDOSREIS;Planejamento;62984043918
DJAIRDEBORBA;Planejamento;47984367656
DORVAIRBOAVENTURADEOLIVEIRA;Planejamento;67992026464
DORVANILVIEIRA;Planejamento;48991850770
DOUGLASBORGONI;Planejamento;11978282626
DOUGLASFONTAINEDEOLIVEIRA;Planejamento;16991277120
EDIELSONDASILVACRUZ;Planejamento;96991113035
EDILSONANTONIOBENEVENUTODEFREITAS;Planejamento;31993711447
EDILSONFORTESCESÁRIO;Planejamento;3384313284
EDIMARROSALINO;Planejamento;51992360689
EDINEIAAPARECIDATELES;Planejamento;11948370618
EDINELZAMAGALHÃESDESOUZA;Planejamento;95984237702
EDIQUELIBIANCADASILVA;Planejamento;51998431069
EDIVÂNIALAURADASILVA;Planejamento;81995740508
EDMIRQUEMOREIRAHERCULANO;Planejamento;68999518540
EDMUNDOMIGUELMARTINS;Planejamento;31989806963
EDNAAPARECIDADOSSANTOS;Planejamento;61999918722
EDNALDOJUSTINODOSSANTOS;Planejamento;81993467700
EDUARDOANTONIOMATOS;Planejamento;51980157536
EDUARDOCARNEIROMARTINS;Planejamento;11947536963
EDUARDODOSREISMAGOGA;Planejamento;19974033501
EDUARDOLIMADESOUZA;Planejamento;11947106097
EDUARDOMAIABETTINI;Planejamento;44991594556
EDUARDOMATTOS;Planejamento;5180157536
EDUARDOPEREIRADESOUSA;Planejamento;6292447823
EDUARDOQUINTANADASILVA;Planejamento;51984618435
EDUARDORIBEIROANTUNESPINTO;Planejamento;61984497101
EDUARDORIBEIROPEREIRALEAL;Planejamento;995772981
EDVALDODESOUZAGOMIDES;Planejamento;34998119512
ELAINEANTUNES;Planejamento;65999693810
ELAINECRISTINADOSSANTOS;Planejamento;11995426805
ELAINEGONÇALVESWEISSDESOUZA;Planejamento;47999520203
ELAINEPEREIRAVAZRODRIGUES;Planejamento;13981313651
ELCIANEBORGESBARBOSA;Planejamento;96991187438
ELIFELIXPIRES;Planejamento;11949541236
ELIANADASILVAOLIVEIRA;Planejamento;69992925203
ELIANEDEOLIVEIRAGAMASIMOES;Planejamento;27988759754
ELIANEGOMESMARCELBUTIN;Planejamento;48996164479
ELIANEMENDESBRANDÃOFALCÃO;Planejamento;61998459669
ELIANIMORAESDEMELO;Planejamento;51998169242
ELIANOGONÇALVESDASILVA;Planejamento;19995495363
ELIASMARTINSGOMES;Planejamento;85986649007
ELISABETHBARBOSAMOREIRA;Planejamento;85986865047
ELISABETHGUIMARÃESSANTOS;Planejamento;45999949518
ELISANGELAPEDROSODEFREITAS;Planejamento;11946097546
ELISANGELAVENTURAROCHA;Planejamento;11982093335
ELISSAURQUIZA;Planejamento;81991837060
ELISSONANGIOLETTI;Planejamento;47991679585
ELIZABETEVIANABARBOSAMIRANDA;Planejamento;68999517965
ELIZABETHANDRADELEITEREIS;Planejamento;95981187650
ELOISAANGELOLOPES;Planejamento;4199252886
ELOISAPRADO;Planejamento;17982268669
ELTONPIRES;Planejamento;54972779292
ELVIOANTONIOPINOTTINETO;Planejamento;16981247644
ELYSIMONECAJUEIROGURGEL;Planejamento;91999911239
EMANUELAWOLFF;Planejamento;4792821515
EMERSONASANTOS;Planejamento;44999929220
EMERSONFRACAROLI;Planejamento;11972966556
EMILYPEREIRA;Planejamento;47999708168
EMMANUELDESOUSAAGUIAR;Planejamento;85987208847
ENILSONDASILVAMESQUITA;Planejamento;92999100000
ENIODORNELESSILVA;Planejamento;31991491676
ENIVALDODOSREISCOIMBRACOUTINHO;Planejamento;3197202953
ERICASERRANUNESMENESES;Planejamento;96991164016
ERICKDANTAS;Planejamento;9294085936
ERICKDANTASDEMELO;Planejamento;92994085936
ERICOMARQUESDEALMEIDA;Planejamento;21964785362
ESTERCOSCARELLIDOMINGUES;Planejamento;11996321313
EUGÊNIODELOURDES;Planejamento;6191905401
EUSTÁQUIOMARTINSGOMESAROUCA;Planejamento;11971088938
EVAFEITOSADASILVA;Planejamento;41999482279
EVALDOULIAN;Planejamento;43999063410
EVANDROCARLOSDESOUZATELES;Planejamento;61981394449
EVERALDOMORAESFERREIRA;Planejamento;96991329178
EVERTONJOSÉRAMOSDAFROTA;Planejamento;68999729917
EVONALDOFRANCISCODOSSANTOS;Planejamento;67992349087
FÁBIAAUGUSTADASILVAGONÇALVES;Planejamento;95981094364
FABIANARAMOSMACHADOCASTRO;Planejamento;11981089388
FABIANASANTOSSILVA;Planejamento;95991275821
FABIANOMOREIRADEALMEIDA;Planejamento;31992991575
FABIANOSOUZA;Planejamento;13997963728
FABIOALVESCASTROMENEZES;Planejamento;65981294818
FABIOFERREIRADOSSANTOS;Planejamento;18996901815
FABIOLEANDROCARDOSOTEIXEIRA;Planejamento;11940225491
FABIOMARÇALVASCONCELLOS;Planejamento;27998882552
FABIOOLIVEIRA;Planejamento;41988932535
FABIORICARDOSCAGLIONEFRANÇA;Planejamento;15997163536
FABIULAJUNGLES;Planejamento;41996373844
FABRÍCIOBONFIMDESOUSA;Planejamento;62999911020
FAGNERCALEGARIODONASCIMENTO;Planejamento;68981150502
FAUSTOSALVADORPERES;Planejamento;15997283071
FELIPESOFIAAMARALVIEIRA;Planejamento;11992090845
FERNANDAALVESDOSSANTOS;Planejamento;94991884820
FERNANDAAPARECIDADOSSANTOSGOMES;Planejamento;66998194179
FERNANDAPICHELILUCIANODECASTRO;Planejamento;12978142536
FERNANDASOUZARIBEIRO;Planejamento;71999889797
FERNANDOAUGUSTODOERTZBACHER;Planejamento;5191097050
FERNANDOPIRESBRANCO;Planejamento;51999867947
FLÁVIACAMARGOSILVA;Planejamento;12997138593
FLÁVIAVALENTE;Planejamento;9182074618
FLAVIOHENRIQUESTABENOWMINARI;Planejamento;67999227996
FLÁVIOJOSÉDEALMEIDA;Planejamento;21974036805
FRANCIELLYSOUSAARAÚJO;Planejamento;94991911511
FRANCISCAJULIADASILVA;Planejamento;84981691996
FRANCISCOALEXANDREFILHO;Planejamento;11940337998
FRANCISCOANTONIOPRADOJUNIOR;Planejamento;79991349922
FRANCISCOCHARLESMENEZESDASILVA;Planejamento;69992772750
FRANCISCODEASSISNASCIMENTODOSSANTOS;Planejamento;27999813138
FRANCISCODEASSISNUNES;Planejamento;48999623682
FRANCISCODEPAIVAMELOJUNIOR;Planejamento;68992442898
FRANCISCOEVANILSONDASILVA;Planejamento;85987754546
FRANCISCOEVANILSONDASILVABARBOSA;Planejamento;8587754546
FRANCISCOFERREIRADACRUZ;Planejamento;67999828089
FRANCISCOLAURETANALVESDEMENEZES;Planejamento;887514398
FRANCISCOLAURETANALVESDEMENEZES;Planejamento;85996188374
FRANCISCOMIGUELPEREIRADANTAS;Planejamento;92993222224
FRANCISCOPRADO;Planejamento;7991349922
FRANCISCOWILSONPEREIRAFILHO;Planejamento;85994364503
FREDALEXANDREDOSSANTOSSILVA;Planejamento;67992651408
FREDERICOSILVEIRADOSSANTOS;Planejamento;61992816556
FREDSONMARQUES;Planejamento;6185024443
GABRIELDELIMA;Planejamento;48991256514
GABRIELHENRIQUEOLIVEIRARABELODASILVA;Planejamento;12996722820
GABRIELQUEIROZ;Planejamento;21999976937
GABRIELRIBEIRODENOVAESLIMA;Planejamento;6892332654
GABRIELSANCHESDOSSANTOSOLIVEIRAL;Planejamento;21999258585
GABRIELAANDRADE;Planejamento;11959213589
GABRIELACRISTINALOPESDEPAULA;Planejamento;11951937924
GABRIELADOCARMOALMEIDAPAZINI;Planejamento;28999448200
GABRIELAPIMENTADEQUEIROZ;Planejamento;67991579245
GABRIELLYALDRIGHISOUZA;Planejamento;19991589028
GEIZONBRANQUINHO;Planejamento;11968008491
GENAUROARAUJOMENONÇADOSSANTOS;Planejamento;11963125420
GEORGETEDESOUZAROCHADOSSANTOS;Planejamento;21969882449
GEOVANNERODRIGUES;Planejamento;799636035
GERADECASTRO;Planejamento;6192111882
GERALDOANTÔNIODECASTRO;Planejamento;61992111882
GERALDOMAGELAPEREIRADASILVA;Planejamento;31991767300
GERALDOSOUZAPINHOALVES;Planejamento;8481414454
GERSONCASTILHO;Planejamento;11992189660
GERSONDOURAO;Planejamento;9192963183
GILBERTOINESIODASILVA;Planejamento;38997252083
GILBERTOMATHEUSLINARDROCHAJÚNIOR;Planejamento;88996575030
GILDENEROSASILVA;Planejamento;988254786
GILMARVIEIRALIMA;Planejamento;11954799524
GILMARCIOPEDROPEREIRA;Planejamento;31999185282
GILSONDOSSANTOS;Planejamento;7199165767
GILSONLINDOMODAVERÃO;Planejamento;6592284367
GILSONSIQUEIRACAMARGO;Planejamento;65992054844
GILVANCARDOSOMACHADO;Planejamento;3899324958
GIRLENELAGESRODRIGUESROCHA;Planejamento;31987115410
GLAUCIACARDOSOREIS;Planejamento;91981763138
GLEIDSONDASILVADOSSANTOS;Planejamento;9984478362
GLENIRALAENIADEOLIVEIRAROSAASSIS;Planejamento;69992234399
GRACEDASILVAGOMESFERREIRA;Planejamento;21993524974
GUIDOVIEIRAFERRAZ;Planejamento;41998764360
GUILHERMEALVAROBOOSMAIACARDOSO;Planejamento;4796047042
GUILHERMEDALL'ORTO;Planejamento;19971315151
GUILHERMEDECARVALHOSILVA;Planejamento;3183718153
GUILHERMEHENRIQUEAZEVEDODEMORAISSILVA;Planejamento;43988374075
GUILHERMEOLIVEIRA;Planejamento;85981715055
GUILHERMEOSÓRIOSOUZAMATOS;Planejamento;19988773535
GYANDERSSONAMARAL;Planejamento;4699338488
HARLLEYREBOUÇASDESOUSA;Planejamento;6984256541
HEINEALLEMAGNEVILARINHODIAS;Planejamento;34991620606
HÉLIADEFÁTIMAHORATOMENENDES;Planejamento;22981460036
HELINEABREUBRAGADONASCIMENTO;Planejamento;69993554548
HELIOGAUTORIOS;Planejamento;67981113001
HENRIQUEJOSÉMENDONÇADEOLIVEIRA;Planejamento;92991519737
HENRIQUELOPESSILVA;Planejamento;11999898925
HENRIQUEMELOVENEZIANIDIAS;Planejamento;12997270939
HEYNARALLISSONMELOPEREIRA;Planejamento;86999428794
HILDELENELOBATOBAHIA;Planejamento;21983626000
HINAYESPADINDASILVA;Planejamento;18981122505
IANCAALVESCOUTINHOCOIMBRA;Planejamento;38999165810
IGORCAVALCANTITENÓRIOBATISTA;Planejamento;31994748039
INGOEUGÊNIODALPONTWERNCKE;Planejamento;48999312024
IOLANEVIEIRAALBINO;Planejamento;31997271397
IRISSABRINYDIASDAENCARNAÇÃO;Planejamento;71987955134
ISABELLAVITÓRIADESOUZACRUZSILVALIMA;Planejamento;84996131118
ISOLDACARLOSSILVADOSSANTOSLIMA;Planejamento;81996891667
ISSAMFARESJÚNIOR;Planejamento;67999651188
IURIDASILVAPAIVA;Planejamento;51999445347
IURIMARQUESPEREIRADESOUZA;Planejamento;61984420779
IVANDIOLIVEIRA;Planejamento;15991981318
IVANOLIVEIRADOSSANTOS;Planejamento;6285999220
IVANILDALIMA;Planejamento;11949851422
IVANILDERAMOSDELIMA;Planejamento;95991233425
IVOFERNANDESLEITE;Planejamento;68999917799
IVONEMARTINSGUIMARÃESDASILVA;Planejamento;6299659014
JACKSONROCHAMENESES;Planejamento;96984028494
JAEKRUNPARKJAEHKIM;Planejamento;11968054115
JAIMECÁSSIODACRUZ;Planejamento;33988110534
JAIRCUSTÓDIODASILVA;Planejamento;11959301325
JAMILEBARBOSAFERREIRA;Planejamento;71992519168
JANECÉLIARODRIGUESPIMENTA;Planejamento;34999622095
JANISECUSTÓDIADAFONSECA;Planejamento;6186113790
JANSSENBEZERRACORTÊS;Planejamento;84994440811
JAQUEBARBOSA;Planejamento;13974148664
JAQUELINEDESOUZAFRANÇABRITO;Planejamento;68999376011
JARDELLUÍSCASTROGUIMARÃES;Planejamento;93992025865
JEALESONDAVIGOMESTEIXEIRADASILVA;Planejamento;6781764023
JEANDACRUZ;Planejamento;48999308484
JEANENOBREDASILVAREIS;Planejamento;96991103026
JEFERSONFRANÇA;Planejamento;5197085028
JEFERSONJELDOCIPOL;Planejamento;51985290138
JEFERSONJUNIORTEIXEIRADASILVA;Planejamento;6799959797
JEFERSONLUIZDAROSAFRANCA;Planejamento;51997085028
JEFERSONMOREIRADOSSANTOS;Planejamento;11979541394
JEFFERSONPARREIRA;Planejamento;67996705941
JEFFERSONSANTOSTORRES;Planejamento;21997520727
JESSICAAMANDASANTANADOSSANTOS;Planejamento;6799775054
JOANAPEREIRADEBRITO;Planejamento;63991063448
JOANILLOURENCODESIQUEIRA;Planejamento;65992804468
JOÃO;Planejamento;47999612824
JOÃOBATISTASANTANACRUZ;Planejamento;9181253259
JOÃOBATISTATITOBENEVIDESDAROCHA;Planejamento;65999457686
JOÃOBOSCOALVESDESOUZA;Planejamento;11997468110
JOÃOCARLOSCAMARGODASILVA;Planejamento;12997336626
JOÃOCARLOSDEFARIA;Planejamento;12996445510
JOÃOCARLOSMENDONÇARODRIGUES;Planejamento;51998988382
JOÃOGUILHERMEZIMMERCECCHIN;Planejamento;55981457272
JOÃOHISAONISHIGUCHI;Planejamento;45999997128
JOÃOSINELMOLIMASOUZADEMENEZES;Planejamento;7191797730
JOAOVALOISCORREADEQUEIROZOLIVEIRA;Planejamento;21991200080
JOCIMARSANTOSDEJESUS;Planejamento;51996679797
JOELLENDOSSANTOSPEREIRA;Planejamento;15991240970
JOELMASANTOSOLIVEIRA;Planejamento;11935052639
JOHANISNICOLASBONVAKIADES;Planejamento;61992174177
JOHNNYWILEYMESQUITADEFREITAS;Planejamento;95981284345
JOICIANASOUSAMATOSCANUTO;Planejamento;85988410450
JONASLOPESDASILVA;Planejamento;9293384076
JORDRÉJUNIORDASILVAJANUARIO;Planejamento;65999170790
JORGEARNALDODEPAULA;Planejamento;64992385555
JORGEAURICAMPOSDASILVAFILHO;Planejamento;51998070847
JORGEDEDEUSRODRIGUES;Planejamento;18997156775
JORGELUIZCASTRODECARVALHO;Planejamento;91982298955
JORGELUIZMOTA;Planejamento;45999884356
JORGEMALULYNETO;Planejamento;18996271332
JOSEADRIANOOLIVEIRADASILVAMACIAS;Planejamento;21964445152
JOSÉALENCARDEMESQUITA;Planejamento;6195713330
JOSÉALVESMACIEL;Planejamento;63999844715
JOSÉAUGUSTODACONCEIÇÃO;Planejamento;91981210691
JOSECARLOSBISPODOSSANTOS;Planejamento;11953970739
JOSECARLOSFIRMINODASILVA;Planejamento;83988115190
JOSÉCARLOSPIOTTODEVASCONCELLOSJÚNIOR;Planejamento;31997909844
JOSÉCARLOSSARAIVADALUZ;Planejamento;61995514723
JOSÉDASILVEIRADOURADO;Planejamento;68999731704
JOSEDERIBAMARBORGES;Planejamento;98983556576
JOSÉEDUARDODOSSANTOS;Planejamento;11994409339
JOSÉEDUARDOSTANELISDEAQUINO;Planejamento;12981449966
JOSÉHEVALDOR.MENDESJÚNIOR;Planejamento;61992290727
JOSÉJANUÁRIONUNESFILHO;Planejamento;51994636690
JOSÉLUIZDESIQUEIRA;Planejamento;6599970000
JOSÉMORAES;Planejamento;9185125888
JOSÉNEURACISOUSADEMELO;Planejamento;85996623262
JOSÉROBERTOGOMES;Planejamento;3175723936
JOSERONILDOFERREIRADECASTRO;Planejamento;85981672964
JOSÉWALTERFIGUEIREDOSILVA;Planejamento;16999949845
JOSELITODESOUSALIMA;Planejamento;11997780017
JOSEMIRREIS;Planejamento;47997181167
JOSIASFONSECALICATA;Planejamento;95981165691
JOSIVANDASILVAFERREIRA;Planejamento;61996539664
JOSUÉVIEIRASELIS;Planejamento;4188059480
JOVANAALVESBORGES;Planejamento;38988113124
JUANCARLOSLOIOLAPEREIRADEOLIVEIRA;Planejamento;6193093018
JÚIOCEZARDALPAZCONSUL;Planejamento;51992463616
JULIANADOSSANTOSPEREIRA;Planejamento;38999902268
JULIANAMARADASILVASPADA;Planejamento;19993853201
JULIANODESOUZARABELO;Planejamento;65999571400
JULIANORABELO;Planejamento;6599571400
JÚLIOAGÁPIODASILVA;Planejamento;51996105538
JÚLIOCÉSARDEMENDONÇAMENDES;Planejamento;61981756897
JÚLIOCÉSARVIEIRATAVARES;Planejamento;3186649473
JUNYMAGNADONATO;Planejamento;27997560824
KAMILAKONJA;Planejamento;66996788421
KARINA;Planejamento;11942974429
KARLACRISTINADACUNHA;Planejamento;4784018177
KAROLINEMARTINSSENAPAIM;Planejamento;67992651369
KATHREINCRISTIANESOARESDECASTRO;Planejamento;51999401240
KÁTIAREGINAGARCIADEMORAIS;Planejamento;51998534866
KÁTIAREGINAPEREIRADASILVABRAGHINI;Planejamento;67996522944
KATIAREGINATENORIO;Planejamento;11989753329
KEILAPATRICIAGOMESDOCARMO;Planejamento;61986621676
KELLYCRISTINADEJESUSDEBRITO;Planejamento;98983548144
KERSEYBARBOSAMORAES;Planejamento;6892037398
KÉSIAMAGALIFERNANDESMACHADO;Planejamento;84996854732
KILWANGYKYAKAPITANGOASAMBA;Planejamento;65999314262
KITAXAVIER;Planejamento;47996190191
KLEBERANTONIORIBEIRODEMOURA;Planejamento;15997972447
KLEBERCABRAL;Planejamento;11975463230
KLEVERTONANTUNESFIRMINOGOMES;Planejamento;91993741901
LAHRISSACAHTTARINIMACHADOSANTOS;Planejamento;77988429345
LAIRACAROLINEDEALMEIDANUNESDECARVALHOSOUZA;Planejamento;71991059554
LARISSAAPARECIDAMARIANO;Planejamento;43984534832
LARIZAMUTEFERRER;Planejamento;11974496749
LARYSSEBARBOSARODRIGUES;Planejamento;6992698267
LAURIANERODRIGUESALVES;Planejamento;31986698977
LÉADOSSANTOSCARVALHO;Planejamento;77988640524
LEANDROLOPESDOSSANTOS;Planejamento;61991816570
LECOSOARES;Planejamento;19995516601
LEIDECRISTINADASILVADEOLIVEIRA;Planejamento;69992620261
LEILAMARESNEVESALENCAR;Planejamento;65999900997
LEILAMARIAHOLANDADACONCEIÇÃO;Planejamento;68999590625
LENILDODASILVANUNES;Planejamento;65984435589
LENIRCARMENRICALDECÂNDIAMACIEL;Planejamento;67992737233
LENIVALDAREISRÊGO;Planejamento;71986515122
LENNONFERREIRACOREZOMAE;Planejamento;65996773295
LÉOHENRIQUE;Planejamento;4199896049
LEONARDODEJESUSPEREIRASANTOS;Planejamento;98981601775
LEONARDODUARTEMARIANO;Planejamento;998605622
LEONARDOJOSÉDEMATTOS;Planejamento;3173437777
LEONICEDESOUZALOTUFO;Planejamento;65992852395
LEONICEMOTTAVIEIRA;Planejamento;41988224566
LEOPOLDOANTONIODOSREIS;Planejamento;61998074461
LEOPOLDOGIANI;Planejamento;62985831839
LESTERRAMONDESOUZA;Planejamento;31988386258
LETICIADOESPIRITOSANTOBARROS;Planejamento;13974093438
LETICIAPETERLI;Planejamento;28999095945
LÍDIACÂMARAPERES;Planejamento;61981589701
LINAYANNENERESDASILVAPINTO;Planejamento;86988941501
LINOABELNUNES;Planejamento;51992816241
LOGANUDSONCABRALMENDES;Planejamento;41985383283
LUANR.V.GEIGER;Planejamento;6596922006
LUANATOBIASMARANHÃO;Planejamento;67996312333
LUCASALUISIOANDRADECAMPOS;Planejamento;3175662778
LUCASHENRIQUEBISPOLOURENÇODASILVA;Planejamento;6194264272
LUCASKENNEDYDEOLIVEIRAPASSOS;Planejamento;8582226601
LUCASNEVES;Planejamento;49984164042
LUCASRANGELDEARAÚJOALMEIDA;Planejamento;32988207577
LUCASSANTOS;Planejamento;9581156862
LUCCASCAMILOCAVALCANTE;Planejamento;98981100160
LUCENIRDOURADAPEREIRA;Planejamento;95991259848
LUCIAALMEIDA;Planejamento;11967061069
LUCIAMARIASANTOSFONSECA;Planejamento;71996074530
LUCIANAALVESFAUSTINO;Planejamento;21990094272
LUCIANAANDRADE;Planejamento;48988085691
LUCIANASILVATAMBURINI;Planejamento;21982932250
LUCIANORODRIGUESDOSSANTOS;Planejamento;31981059304
LUCIEDERLUZDASILVA;Planejamento;65993030258
LUCIMEIREGOMESDEOLIVEIRA;Planejamento;38998046650
LUDMILLACAVALCANTE;Planejamento;6896085947
LUDMILLACRISTINAFERNANDESCAVALCANTE;Planejamento;68996085947
LUIRCETEIXEIRAPAZHERNANDEZ;Planejamento;55999909427
LUISALVES;Planejamento;11970832976
LUISANTONIODESOUZA;Planejamento;11947062326
LUISCARLOSALVESSIMPLÍCIO;Planejamento;85996175766
LUISCARLOSCACIMIRO;Planejamento;51997055525
LUISFERNANDOBRAITE;Planejamento;5599573081
LUISFERNANDOPERESDOSSANTOS;Planejamento;55999573081
LUISMARCIOAMARAL;Planejamento;31986941432
LUIZCARLOSJORGEHAULY;Planejamento;43999934550
LUIZPAULOFERREIRADASILVA;Planejamento;21975238812
LUIZAAUGUSTACASTROSATHELERFURTADO;Planejamento;31998441209
LUIZANICOLOSIMARTINSSILVEIRA;Planejamento;11951314902
LYZAKELYDEOLIVEIRAHERZOG;Planejamento;27998334352
MAENDRIADOCARMOCOSTASOARES;Planejamento;95984004089
MAGDAREGINADAFLONMIRA;Planejamento;21995586173
MAICONANDREALVESPEREIRA;Planejamento;16997465426
MAICONLUIZSILVADOAMARAL;Planejamento;53984213778
MALBATANIARODRIGUESABRANTESCOELHOGOMES;Planejamento;11998425693
MANOELCLERDONIOÁVILA;Planejamento;88999107573
MARCELABRASILDAMASCENASANTOS;Planejamento;71988421831
MARCELACRISTINAAMORIMMARÇAL;Planejamento;61996557752
MARCELINODORNELLESSEVERO;Planejamento;55999633108
MARCELOALVESDASILVA;Planejamento;31973509417
MARCELOARAUJODESOUZA;Planejamento;51993677881
MARCELOAUGUSTOGARCIAMOURÃO;Planejamento;91982647142
MARCELOBITTENCOURTDASILVA;Planejamento;51996461125
MARCELOEDUARDOMORETHSONDEOLIVEIRA;Planejamento;31992313855
MARCELOJOSÉORTEGA;Planejamento;14997903115
MARCELOMACHADO;Planejamento;5198237309
MARCELOMORETHSONTINE;Planejamento;3192313855
MARCELONETTOCUNHA;Planejamento;5184044146
MARCELOPEREIRABRANDÃO;Planejamento;6696365643
MARCELOPEREIRAMOURÃO;Planejamento;67992453159
MARCELOSOUSASIQUEIRA;Planejamento;61986395154
MARCELOSOUSASIQUEIRA;Planejamento;6186395154
MARCELOSTREIT;Planejamento;47996216966
MÁRCIADASILVAFERREIRA;Planejamento;69999202531
MARCIAGABARRA;Planejamento;16981348155
MÁRCIAPIMENTEL;Planejamento;6199141500
MARCIAPINHEIRO;Planejamento;11957599946
MÁRCIASANTOS;Planejamento;41999315855
MARCIOANTÔNIOMOREIRA;Planejamento;19991960910
MÁRCIOBARCELLOS;Planejamento;48996644761
MÁRCIODALCINLEMOS;Planejamento;28998860459
MÁRCIORODRIGUES;Planejamento;11976554570
MÁRCIOSANTOSSEPÚLVIADEOLIVEIRA;Planejamento;62983120332
MARCIONEDACOSTASANTANADEMORAES;Planejamento;96999635889
MARCOANTONIOMARCELINODOSREIS;Planejamento;33999494774
MARCOANTONIOMOURADOSSANTOS;Planejamento;51980000000
MARCOANTONIORAMOSFERREIRA;Planejamento;27992715158
MARCOANTÔNIORAZOUK;Planejamento;42999727525
MARCOAURÉLIODEBARROS;Planejamento;999698405
MARCOAURÉLIOGOUVÊABOMFIM;Planejamento;3189896162
MARCOAURÉLIORODRIGUESLIRA;Planejamento;69984077469
MARCOCARBONERADEALMEIDA;Planejamento;5491768976
MARCOSANDRÉCORDEIROLOPES;Planejamento;85992518269
MARCOSAURÉLIODONASCIMENTOSILVA;Planejamento;21982838914
MARCOSAURELIOGOMESDOSSANTOS;Planejamento;85987222187
MARCOSDASILVAALMEIDA;Planejamento;41991082970
MARCOSESCAMESFELIXDASILVA;Planejamento;19993147998
MARCOSFARIA;Planejamento;21981591001
MARCOSMENDES;Planejamento;11991112460
MARCOSPAPA;Planejamento;16991369441
MARCOSPAULOPINTODASILVA;Planejamento;19992326171
MARCOSPEIXOTOCAMISASSA;Planejamento;33988878798
MARCOSSANTOS;Planejamento;9581111971
MARCOSSCHNEIDER;Planejamento;41991167032
MARCOSVALÉRIOSOARES;Planejamento;63992397982
MARCUSVINICIUSDEARAÚJODANTAS;Planejamento;15991050590
MARCUSVINÍCIUSDEMORAISOLIVEIRA;Planejamento;77999891010
MARCUSVINICIUSLEITESEQUEIRA;Planejamento;15991208411
MARÍAAPARECIDABARBOSADEANDRADE;Planejamento;3194427933
MARIAAPARECIDAVILELA;Planejamento;33991241387
MARIACAROLINASILVADESOUSA;Planejamento;11975267675
MARIACÉLIARODRIGUESPACHECO;Planejamento;16991418545
MARIACLAUDIALAPADESOUZABUSTAMANTE;Planejamento;61998568789
MARIACRISTINADECARVALHOOLIVEIRA;Planejamento;31993509414
MARIACRISTINANAVIAARZUA;Planejamento;41999714717
MARIADEFÁTIMACOSMEDASILVA;Planejamento;85999347560
MARIADEJESUSMENDES;Planejamento;96991471100
MARIADELOURDESMOREIRASANTANA;Planejamento;67996388736
MARIADOCARMOPORTELARUMBO;Planejamento;1199275-2455
MARIAELIZANGELAMARQUESMACHADO;Planejamento;96981235027
MARIAFERNANDALORENECARDOSO;Planejamento;65993390268
MARIAGLÁUCIADESOUZAPAIVA;Planejamento;85988461206
MARIAGRACILENEMOREIRADASILVABORGES;Planejamento;96988065972
MARIAKLIVIANNYMEIRELESDACOSTABENJAMIN;Planejamento;6992624226
MARIALUCIADASILVA;Planejamento;995100730
MARIALUIZATORRESLEANDRO;Planejamento;91985654761
MARIAREGINATELLESDEARAÚJOFILHA;Planejamento;98991726333
MARIATEREZAPAROOTTON;Planejamento;65999128236
MARIAZULEIDERODRIGUESBRANDÃO;Planejamento;85996273375
MARIALDACALDEIRACAMPOSDEANDRADE;Planejamento;6291525706
MARIANABEATRIZANTONINIGONÇALVES;Planejamento;19999690635
MARIANAMEDEIROS;Planejamento;21979001533
MARIANEBRUSCATO;Planejamento;48988085824
MARIELLEPORTOMATTOS;Planejamento;31985743775
MÁRIOCOVASNETO;Planejamento;11947811727
MÁRIOTADEUDOSSANTOS;Planejamento;31994424295
MARKIERTENROSAMIRANDAOLIVEIRA;Planejamento;65999227310
MARLENEOLIVEIRADECAMPOSMACHADO;Planejamento;11999821239
MARLONPEREIRADEBARROS;Planejamento;21999560316
MARLYRIBEIRONERI;Planejamento;38998453563
MARQUINHOKURTZ;Planejamento;47984624917
MATHEUSANDRÉIA;Planejamento;5391748419
MATHEUSHENRIQUEGUCKERT;Planejamento;47992752591
MATHEUSHOFFMANNMACHADO;Planejamento;48999306000
MAURISERGIOGRANDO;Planejamento;999750754
MAURICIOBEDINMARCON;Planejamento;54991255675
MAURICIOCORRÊADASILVA;Planejamento;67982030170
MAURICIORODRIGUESSANTOSDEOLIVEIRA;Planejamento;95991380510
MAURINHORESENDE;Planejamento;3197957071
MAUROMARQUESDASNEVES;Planejamento;18988025812
MAYARAARRUDADECARVALHOOLIVEIRA;Planejamento;98985590047
MELISSADEFÁTIMAFERNANDES;Planejamento;9491021239
MICHELLEIMILIO;Planejamento;31994722569
MILENASILVAMARQUES;Planejamento;11945789099
MILTONJOSÉRIBEIROJÚNIOR;Planejamento;6796112057
MIRCIAPAIVA;Planejamento;11991181832
MIRIAMLETÍCIAGERALDODASILVA;Planejamento;21998162312
MIRIENEDEABREU;Planejamento;16991515705
MOARACOIMBRA;Planejamento;61999667068
MONAELKADRI;Planejamento;11983313462
MONIQUEMARIADASILVABRITOÂNTONIA;Planejamento;21995439588
MONIQUEOLIVEIRADESOUZA;Planejamento;61981397384
MOZARTPAVONIMARTINSJUNIOR;Planejamento;41995561028
MYRIANFERNANDES;Planejamento;21985143767
NÁDIADANIELEDASILVAFERRAZ;Planejamento;61985973096
NÁDIADONASCIMENTOBARRETOGOMES;Planejamento;85986782565
NAIRAMORAESDASILVAPEIXOTO;Planejamento;21993306113
NATÁLIABRAGAMARTIINS;Planejamento;8586349430
NATHÁLIABARBOSAPACHÊCO;Planejamento;61994082020
NELICEDESOUZALOTUFO;Planejamento;65999896333
NELMABORGESCARVALHO;Planejamento;96981242481
NELSONANTONIODESOUZAMACHADODOSANJOS;Planejamento;67996397504
NELSONPEREIRA;Planejamento;51984023215
NELSONROBERTOCORREIADOSSANTOS;Planejamento;13991760921
NEREUMARTINSCARVALHO;Planejamento;4784410571
NETOOLIVEIRA;Planejamento;6881063343
NEVTONOLIVEIRAROCHA;Planejamento;11998335577
NICOLEMOREIRADOSSANTOS;Planejamento;8585039503
NIKÁCIOBORGESLEALFILHO;Planejamento;8699851154
NILCRISPIM;Planejamento;4784629096
NILDAMARIAPAULANUNES;Planejamento;91981179038
NILDETEMOURA;Planejamento;38998578986
NILMAAPARECIDADESOUZAPEGOBARROS;Planejamento;21996945155
NILMAMARIAGUÊZDASILVA;Planejamento;27998574326
NILSONPORTELAFERREIRA;Planejamento;65999126439
NITIELEMENDESBARBOSA;Planejamento;18991519992
NORBERTOJUNIORMULLER;Planejamento;95981056114
NORMAPEREIRA;Planejamento;47999276060
OLAVODOSSANTOS;Planejamento;45999056882
OMARDASILVAFERREIRA;Planejamento;21992299608
ORIVALDOSOLERPERES;Planejamento;41989038989
ORLANDOBARBOSARIBEIRO;Planejamento;68992352761
OSIMARAPARECIDOSANTOS;Planejamento;38997423089
PABLORICARDORIBEIRO;Planejamento;47989069980
PABLOSOARESDEBRITO;Planejamento;68992310351
PÂMELADEMELLOCORDEIRO;Planejamento;11974220200
PAOLADASILVAFOLLETTO;Planejamento;51993448317
PATRÍCIABELEM;Planejamento;51985393072
PATRICIABEZERRADASILVA;Planejamento;81996002804
PATRÍCIACARRASCHIALEOTTIMENEGUETTI;Planejamento;44991061525
PATRICIADEOLIVEIRAFERNANDES;Planejamento;11984562122
PATRICIALIMAFERRAZ;Planejamento;9699195-9937
PATRÍCIAMARÍLIASCICIAMUNIZ;Planejamento;11998079353
PAULACAROLINENASCIMENTOSANTOS;Planejamento;9591447870
PAULADEMELOSOUZA;Planejamento;81991530684
PAULIELIOATAIDESDASILVA;Planejamento;62991471859
PAULOAFONSOCUNHA;Planejamento;47999099629
PAULOALENCARALVESSILVA;Planejamento;38999732368
PAULOGOYAZALVESDASILVA;Planejamento;61999819787
PAULOMÁRCIODEASSISJACINTO;Planejamento;35992029231
PAULOPINHEIRODOSSANTOS;Planejamento;96991769477
PAULOROBERTODEPAULA;Planejamento;54991583211
PAULORODRIGOSESTREM;Planejamento;47984500121
PAULOROGÉRIOGONÇALVESDOSANJOS;Planejamento;27981330937
PAULOSERGIODESOUSA;Planejamento;21993138669
PAULOVITORFERREIRADASILVA;Planejamento;3187740861
PEDROHENRIQUEDESOUZAESOUZA;Planejamento;16992288461
PEDROHENRIQUEVAZFERRREIRA;Planejamento;61986724216
PEDROLELIS;Planejamento;3185464987
PEDROMARINBELMONTENETO;Planejamento;18996391022
PEDROVAZ;Planejamento;6186724216
PEDROVELOSODEALCANTARANETO;Planejamento;43988608693
PÉRICLESRÉGIS;Planejamento;15991416999
PETRUSLEONARDOBARRONSANCHEZ;Planejamento;61991234015
PHABLOCOSTA;Planejamento;9193772623
PRISCILACAVALCANTIDEARAUJO;Planejamento;21982635682
PRISCILAGUIMARÃESGALINDOROCHA;Planejamento;77988047924
PRISCILASILVASOUZA;Planejamento;11981208382
RAFAELBENJAMINRODRIGUESPRETTO;Planejamento;11963508872
RAFAELLUCASCOSTASILVA;Planejamento;6195280365
RAFAELMELLODASILVA;Planejamento;48999786008
RAFAELMELOBERNARDES;Planejamento;77981334147
RAFAELMONTEIRODASILVA;Planejamento;68999105771
RAFAELRODRIGUES;Planejamento;45999271192
RAFAELROSARESENDE;Planejamento;11956679915
RAFAELABEZERRA;Planejamento;98982063700
RAGMARRODRIGUESCOSTA;Planejamento;67984513002
RAIMUNDOFEITOSAPIRESDASILVA;Planejamento;21991287360
RAIMUNDOMAGALHÃESFARIAS;Planejamento;84996658562
RAIMUNDOPORTELA;Planejamento;8587451678
RAIMUNDOPORTELADEAGUIAR;Planejamento;85987451678
RAÍSSADANIELLEMOURAPASSINHO;Planejamento;98983156058
RAISSAROXANELIMAFIRMEZAROCHA;Planejamento;86999800529
RANEIDECOELHOARRUDA;Planejamento;98982357955
RANNACARLAMARTINSOLIVEIRA;Planejamento;61982004689
RAPHAELSTHEFESONCOSTAFONTENELE;Planejamento;85986821215
RAQUELHELENA;Planejamento;31999529773
RAQUELHELENASANTOS;Planejamento;3199529773
RAQUELISABELDOVALE;Planejamento;31993541563
RAULGONÇALVESPAULA;Planejamento;14991020118
RAULMARTINSDASILVA;Planejamento;51992598468
RAYMARACARVALHOLIMACRUZ;Planejamento;99992081990
REBECAPEREIRADIASFERREIRA;Planejamento;71986013250
REBEKADUTRADESOUZA;Planejamento;77988096390
REGINACÉLIACABRALRODRIGUES;Planejamento;43999817199
REGINAPEDROSOLOPES;Planejamento;11975750131
REGINALDOALBUQUERQUEDASILVA;Planejamento;81988346624
REGINALDODEMORAIS;Planejamento;3182306526
REGINALDOMENEGUINICOSTA;Planejamento;3588326345
REGISSOARESMACHADO;Planejamento;61984333920
REJANEBARRAGÁN;Planejamento;4199040361
REJANESALESMOURÃO;Planejamento;38988496647
REJANESOUZAMENEZESBARRAGÁN;Planejamento;4199963-0234
REJANEVANDADEOLIVEIRABARRETO;Planejamento;11995657984
RENANELIASGODINHO;Planejamento;15997213457
RENATAMELODASILVADESOUZA;Planejamento;21993806248
RENATAMONTEALTOSILVA;Planejamento;21999213614
RENATOANDRADEDESOUSA;Planejamento;62992919924
RENATODASILVAMOTA;Planejamento;65984638869
RENATONOVAESPEREIRASILVA;Planejamento;15997353039
RENÊDASILVABRITO;Planejamento;11986524270
RENERMIRANDA;Planejamento;94991525202
RICARDOLONGATTIFRANÇA;Planejamento;19982552645
RILDORODRIGUESMARANHÃO;Planejamento;6798747777
RITADECASSIAROMAODEOLIVEIRASIQUEIRA;Planejamento;21978171352
ROBERTOANTÔNIOROQUE;Planejamento;38988087202
ROBERTODEJESUSVIANATOTÓ;Planejamento;3196098210
ROBERTOLUIZBRANDÃOFILHO;Planejamento;11972953736
ROBSONBESSA;Planejamento;21980951360
ROBSONCOFFYRODRIGUES;Planejamento;5198690094
ROBSONFARIASTORRES;Planejamento;21987828312
ROBSONFERREIRATORRES;Planejamento;21992685827
ROBSONMENDES;Planejamento;7182662140
ROBSONPEREIRADEMOURA;Planejamento;11953057000
ROBSONROSALHUL;Planejamento;51993187675
ROBSONSÁDACOSTA;Planejamento;53999049598
RODRIGOCÂNDIDOPIROLA;Planejamento;17997858598
RODRIGOCOELHO;Planejamento;47991451323
RODRIGODESANTAANA;Planejamento;65992875379
RODRIGOFACHINI;Planejamento;47988383770
RODRIGOFEITOSALOPES;Planejamento;11986800144
RODRIGOKOHLRIBEIRO;Planejamento;4688204604
RODRIGOSANT'ANA;Planejamento;6592875379
RODRIGOSOARESARAÚJO;Planejamento;53991089684
RODRIGOVARGASRIBEIRO;Planejamento;28999005904
ROGERIOOLIVO;Planejamento;11941542526
ROGÉRIOVALIMCARNEIRO;Planejamento;51984152931
ROMULOCAETANONUNESDELARMELINA;Planejamento;27997684937
RONALDOCAMARGOSOUZA;Planejamento;47999997733
RONALDOGONÇALVES;Planejamento;31992374389
RONEIDEOLIVEIRA;Planejamento;65992434679
RONILSONDESOUZAFREITAS;Planejamento;94992169116
RONNYEPETERSONAPARECIDONASSERDOSSANTOS;Planejamento;47996153809
RONYDOSSANTOSNEVES;Planejamento;62994188366
ROSANEKOLOTELO;Planejamento;41991137026
ROSANGELARODRIGUESMOURA;Planejamento;61995812442
ROSECASTRO;Planejamento;21979805208
ROSEVITORIAMACEDOMENEZES;Planejamento;21980016197
ROSELAINEDEJESUSMAGRIKUTZKI;Planejamento;41992694756
ROSELIAFREITASMARTINS;Planejamento;85988812374
ROSILDADEJESUSGOMES;Planejamento;51985450513
ROSILENEDACRUZFIGUEIREDO;Planejamento;21998971333
ROSSANOFARIAS;Planejamento;5596595493
ROSSANOPERESFARIAS;Planejamento;55996595493
ROXANEELISAOLIVEIRACAMPOS;Planejamento;11997940088
ROXANEFIRMEZAROCHA;Planejamento;86999800248
RUBENSTEIXEIRADASILVA;Planejamento;21995200808
RUIOSCARDESOUZAABRANTESGUEDES;Planejamento;68992328566
RUTEMARQUECRISPIMDASILVA;Planejamento;68984127700
RYANDASILVALIMA;Planejamento;9581182490
SADIRNARCISOSEVERONUNES;Planejamento;51981076962
SALOMAOBARROSDESOUSA;Planejamento;6399711379
SAMARADOSSANTOSLIRA;Planejamento;68999972533
SAMARALIRA;Planejamento;6899972533
SAMIBARROSDELIRAJUNIOR;Planejamento;95981235649
SAMUELCHANG;Planejamento;11981477837
SAMUELDEASSUNÇÃOJUNIOR;Planejamento;94992168690
SAMUELLOURENÇODASILVA;Planejamento;16997263399
SAMUELLUCIOSIUVES;Planejamento;3171463618
SAMUELPANTALEAODEMOURA;Planejamento;31989390609
SANDROBEZERRADESOUZA;Planejamento;96981135919
SANDROMARCIOZAMBONI;Planejamento;27981735663
SANKEIKAREDALIMA;Planejamento;61991125797
SARAMARKIEUVIZI;Planejamento;47999655382
SARASUENEDOAMARALSOUSA;Planejamento;61993761281
SARAHBARRETO;Planejamento;21995779656
SAULOCAMELLO;Planejamento;54992438500
SEBASTIÃORIBEIRODACRUZ;Planejamento;66981449427
SELMAROCHAFERREIRA;Planejamento;96981327082
SELMASILVADUARTE;Planejamento;66992174800
SÉRGIOCARLOSZAVARIS;Planejamento;27997152077
SÉRGIODONIZETEFERREIRA;Planejamento;18997423675
SIDCLEYDEMATOSLIMA;Planejamento;69992089739
SIDNEIAAPARECIDALIMA;Planejamento;21964726182
SIDNEIABRITO;Planejamento;41988834388
SIDNEIACATARINATOBIAS;Planejamento;67999971299
SIDNEYDIASDOSREIS;Planejamento;35992371803
SÍFORAFERNANDAGOMESDEALMEIDAHERNANDESMOTA;Planejamento;51995684100
SILCYCRISTINADEALMEIDAGUERRA;Planejamento;35999999572
SILMARSERPAMACHADO;Planejamento;51995868824
SILMARABARALDICERVANTES;Planejamento;18988159959
SILVANPEREIRADESOUZA;Planejamento;11976592043
SILVANAROSALINODACOSTA;Planejamento;51980354010
SILVANAWALGER;Planejamento;47984251809
SILVÂNIALEALDIAS;Planejamento;61999831002
SILVIAHELENADOSSANTOSGOMES;Planejamento;84998985572
SILVIODIVINOVILARINHO;Planejamento;34999735221
SILVIOFERREIRADOSSANTOS;Planejamento;38988137502
SILVIOMASSAHARUINOMATA;Planejamento;45999734277
SIMAURARODRIGUESLIMADESOUZA;Planejamento;47991397714
SIMONEGURGEL;Planejamento;9199911239
SIMONEMAIAGUERRA;Planejamento;21964979450
SIROMELODEOLIVEIRAJÚNIOR;Planejamento;62996851706
SOLANGEFELICIANODEARAÚJO;Planejamento;21970271225
SONIAFERREIRAMARTINS;Planejamento;65992850240
SONIAMARIADASILVAROCHA;Planejamento;13997038422
STEFANIRAYANEFIGUEIREDOSILVABORGES;Planejamento;65984222611
SUELIDEBARROSSOUZA;Planejamento;61999738070
SULAMITASAMPAIOEVERTONCANDIDODEOLIVEIRA;Planejamento;61991775263
SUZANADEFÁTIMADELIMA;Planejamento;81993720320
SUZEMARIAALVESDESOUZALIMAROCHA;Planejamento;91996191755
TÁBATAFREITASMANZOLI;Planejamento;16996127069
TANIACIPOLINIRODRIGUES;Planejamento;13996918513
TANIAELISABETEDIASDECASTRO;Planejamento;31999780087
TANIERYFERNANDAPORTOCANTALICE;Planejamento;99981602858
TARCISIANEDUTRA;Planejamento;27997930722
TASSIANEPATRICIATASSO;Planejamento;54991127795
TATIANECARLAPEZENTE;Planejamento;11943927979
TATIANEDIASCHAVES;Planejamento;13979599033
TATIANEGOMESDECARVALHO;Planejamento;31994096919
TELMAMARIADEMORAESSILVADELGADO;Planejamento;65993423339
TEREZINHADEJESUSATHANDASILVA;Planejamento;61999758049
THAIANEMELODEMOURACAMARÃO;Planejamento;71996219350
THAINNASOUZAVIEIRA;Planejamento;61996652626
THAISANDRADEDOSSANTOS;Planejamento;3194489103
THAÍSTOSTESBERETADEOLIVEIRA;Planejamento;22998224409
THAISVIEIRATRIGUEIRO;Planejamento;62993527707
THIAGOBIAGIONIRIBEIRO;Planejamento;35999741512
THIAGOJORGECORDEIROESILVA;Planejamento;65984775973
THIAGONASCIMENTO;Planejamento;21987272265
THIAGOPIRESDEOLIVEIRA;Planejamento;32999271060
THIAGOWILLISDESOUZACOELHO;Planejamento;91985789071
TIAGODIMERDASILVEIRA;Planejamento;51996875640
TIAGOHENRIQUEGOMESFLORIANODOSSANTOS;Planejamento;65993389776
TULLIODAMINDASOIS;Planejamento;54996118878
UBIRAJARACARVALHORODRIGUES;Planejamento;51999691055
UBIRAJARAPEREIRARAMOS;Planejamento;51992729984
UMBERTODASILVAMOREIRAJUNIOR;Planejamento;61984060855
VAGNEROLIVEIRAPEREIRA;Planejamento;71986153943
VALDECIRNUNESDASILVA;Planejamento;11999052865
VALDEMARRESENDESMASSAJUNIOR;Planejamento;11978313021
VALDEMIRBERNARDINODASILVA;Planejamento;65992434770
VALDEMIRDEOLIVEIRAFERNANDES;Planejamento;11942354516
VALDIVINAPEREIRADACONCEIÇÃOALMEIDA;Planejamento;61994166548
VALERIADEPAULA;Planejamento;1288421257
VALMIRJOSÉDOSSANTOS;Planejamento;65996382833
VANESSABRANBILLOPENHOELA;Planejamento;11989612181
VANESSAJOST;Planejamento;41991030502
VANESSAKATTERYNFÁVERODESOUZA;Planejamento;35998738700
VANESSALOÇASSOBEJANI;Planejamento;32991367400
VANILDADEJESUSSANTOSBITENCOURTVALENTE;Planejamento;96984161881
VERALUCIASOARESDOSREIS;Planejamento;71982215848
VERENAFALCÃOCRUZ;Planejamento;71987462974
VERIDIANAALVESFERNANDESDIAS;Planejamento;61981497778
VERÔNICAFONTOURA;Planejamento;6384150926
VERONICATAVARESFONTOURAEVANGELISTA;Planejamento;63984150926
VICENTEDEPAULODONASCIMENTO;Planejamento;88981500287
VICTORGOMESDEARAUJO;Planejamento;084991775!18
VICTORGUILHERMEAMORIMDEMELOGUILHERME;Planejamento;65996064427
VICTORHUGORODRIGUESGRANDO;Planejamento;51991701000
VICTORMORAESFILHO;Planejamento;11947179875
VILDERSONVILSONEILAUREANO;Planejamento;47984764501
VINÍCIUSANTÔNIOCAMARGO;Planejamento;43991090327
VINICIUSDESIQUEIRA;Planejamento;67981732141
VINICIUSREGO;Planejamento;21999191017
VINICIUSRESENDE;Planejamento;3195038455
VITÓRIAPEREIRADOSREIS;Planejamento;51985204871
VIVIANCOITINHO;Planejamento;5181029434
VIVIANKELLYSOUSA;Planejamento;61992323796
VIVIANEFINKIELSZTEJN;Planejamento;51999566295
VLADIMIRCODINHOTO;Planejamento;11974428608
WAGNERJOSÉREDOAN;Planejamento;3188021177
WAGNERLUIZOLIVEIRAMARTINS;Planejamento;43996389031
WAGNERPIRESCOELHO;Planejamento;21964032009
WALDENESBARBOSA;Planejamento;96992071245
WALLACEOLIVEIRACERQUEIRA;Planejamento;71986088757
WANDERLEYFAGUNDESDEOLIVEIRA;Planejamento;3199100365
WANESSADEOLIVEIRAGALVÃO;Planejamento;6184332288
WANIACARLAMEGUYPEREIRA;Planejamento;91985290117
WASHINGTONIVODASILVA;Planejamento;85989714663
WELLESLEYLOPESDEARAÚJOJUNIOR;Planejamento;68999401307
WELLIGTONWESTTONDACUNHA;Planejamento;68999046307
WESLEYABREU;Planejamento;11974173123
WILKERSONDEOLIVEIRACONCEIÇÃO;Planejamento;61986822222
WILLIAMCHARLESDACUNHA;Planejamento;12988772346
WILLIAMDOUGLASDASILVA;Planejamento;31974657770
WILZARANGELDEMELLO;Planejamento;11996361203
YEOJUNKIM;Planejamento;11995991101
YSAACLACERDALIMA;Planejamento;31996016130
YURIVARGAS;Planejamento;6896132457
ZORAIDASOUZAFEITOSA;Planejamento;22999529406
ZULEICAMADALENASANTORO;Planejamento;16991041590
ZULMIRABEZERRA;Planejamento;63992266656
